{"cameraMode":{"drawMode":0,"name":"Shaded","section":"Shading Mode"},"sceneLighting":true,"audioPlay":false,"sceneViewState":{"showFog":true,"showMaterialUpdate":false,"showSkybox":true,"showFlares":true,"showImageEffects":true,"showParticleSystems":true},"in2DMode":false,"pivot":{"x":593.963623046875,"y":183.4056396484375,"z":238.51986694335938},"rotation":{"x":0.07224563509225846,"y":0.0059797330759465698,"z":-0.00043294456554576755,"w":0.9973729252815247},"size":673.5682373046875,"orthographic":false}