{"cameraMode":{"drawMode":0,"name":"Shaded","section":"Shading Mode"},"sceneLighting":true,"audioPlay":false,"sceneViewState":{"showFog":false,"showMaterialUpdate":false,"showSkybox":false,"showFlares":false,"showImageEffects":false,"showParticleSystems":false},"in2DMode":false,"pivot":{"x":148.62841796875,"y":16.091402053833009,"z":-1274.9456787109375},"rotation":{"x":0.07636282593011856,"y":-0.040370553731918338,"z":0.0030943858437240125,"w":0.9962582588195801},"size":8.657033920288086,"orthographic":false}